
INSERT INTO `clientes` (`idCliente`, `email`, `nombre`, `apat`, `amat`, `dirCalle`, `dirNum`, `dirCiudad`, `dirEstado`, `dirPais`, `dirCP`) VALUES
	(2, 'ernesto@mail.com', 'Ernesto', 'Domínguez', 'Ordaz', 'ERNESTO P. URUCHURTU', '86', 'Ciudad de México', ' Ciudad de México', 'México', 10001),
	(3, 'jose@mail.com', 'José', 'Valderrama', 'Pérez', 'AV. GUADALUPE', 'SN', 'Tijuana', ' Baja California', 'México', 10001),
	(4, 'joel@mail.com', 'Joel', 'Vera', 'Gómez', 'AVENIDA NIÑOS HEROES', '3', 'San Cristóbal Ecatepec', ' México', 'México', 10001),
	(5, 'karla@mail.com', 'Karla', 'Muñoz', '', 'CARRETERA MEXICO-LAREDO KM.125', '15', 'León', ' Guanajuato', 'México', 10001),
	(6, 'liz@mail.com', 'Liz', 'Omega', 'Kilo', 'PLAZA CONSTITUCION', '1', 'Puebla de Zaragoza', ' Puebla', 'México', 10001),
	(7, 'dave@mail.com', 'Dave', 'Mustaine', '', 'DOMICILIO CONOCIDO', 'SN', 'Ciudad Juárez', ' Chihuahua', 'México', 10001),
	(8, 'james@mail.com', 'James', 'Rodriguez', '', 'CARRETERA MEXICO-LAREDO', 'MZ1', 'Guadalajara', ' Jalisco', 'México', 10001),
	(9, 'cristiano@mail.com', 'Cristiano', 'Ronaldo', '', 'AVENIDA MIGUEL HIDALGO', 'SN', 'Zapopan', ' Jalisco', 'México', 10001),
	(10, 'claudia@mail.com', 'Claudia', 'Maldonado', 'Rueda', 'CARRETERA SAN SALVADOR SAN MIGUEL K', '20', 'Monterrey', ' Nuevo León', 'México', 10001),
	(11, 'flor@mail.com', 'Flor', 'Hortencia', 'López', 'AV. 16 DE JULIO', '89', 'Nezahualcóyotl', ' México', 'México', 10001),
	(12, 'olga@mail.com', 'Olga', 'Juana', 'Del Olmo', 'AV. LIC. VICENTE AGUIRRE', 'SN', 'Chihuahua', ' Chihuahua', 'México', 10001),
	(13, 'alvaro@mail.com', 'Álvaro', 'Muñoz', 'Ruiz', 'CENTRO DE LA COMUNIDAD', '85', 'Mérida', ' Yucatán', 'México', 10001),
	(14, 'adrian@mail.com', 'Adrián', 'Rojas', 'Valdés', 'AV. JUAREZ', 'S/N', 'Cancún', ' Quintana Roo', 'México', 10001),
	(15, 'david@mail.com', 'David', 'Díaz', 'Vidal', 'AV. 16 DE JULIO', '25', 'Saltillo', ' Coahuila', 'México', 10001),
	(16, 'mario@mail.com', 'Mario', 'Pérez', 'Salinas', 'DOMICILIO CONOCIDO', '86', 'Aguascalientes', ' Aguascalientes', 'México', 10001),
	(17, 'enzo@mail.com', 'Enzo', 'Soto', 'Zuñiga', 'ADOLFO LOPEZ MATEOS S/N', 'SN', 'Hermosillo', ' Sonora', 'México', 10001),
	(18, 'diego@mail.com', 'Diego', 'Contreras', 'Peña', 'DOMICILIO CONOCIDO', '3', 'Mexicali', ' Baja California', 'México', 10001),
	(19, 'marcos@mail.com', 'Marcos', 'Silva', 'Godoy', '5 DE MAYO NO.1', '15', 'San Luis Potosí', ' San Luis Potosí', 'México', 10001),
	(20, 'izan@mail.com', 'Izan', 'Martínez', 'Lagos', 'FELIPE ANGELES S/N', '1', 'Culiacán Rosales', ' Sinaloa', 'México', 10001),
	(21, 'javier@mail.com', 'Javier', 'Sepúlveda', 'Maldonado', 'CENTRO', 'SN', 'Santiago de Querétaro', ' Querétaro', 'México', 10001),
	(22, 'marco@mail.com', 'Marco', 'Morales', 'Bustos', 'CAYNAJAY NO.1', 'MZ1', 'Naucalpan de Juárez', ' México', 'México', 10001),
	(23, 'alex@mail.com', 'Álex', 'Rodríguez', 'Medina', 'KM.131 CARRETERA MEXICO LAREDO', 'SN', 'Morelia', ' Michoacán', 'México', 10001),
	(24, 'bruno@mail.com', 'Bruno', 'López', 'Pino', 'EMILIANO ZAPATA NUM.1', '20', 'Chimalhuacán', ' México', 'México', 10001),
	(25, 'oliver@mail.com', 'Oliver', 'Fuentes', 'Palma', 'CONOCIDO', '89', 'Reynosa', ' Tamaulipas', 'México', 10001),
	(26, 'miguel@mail.com', 'Miguel', 'Hernández', 'Moreno', 'EMILIANO ZAPATA NO.1', 'SN', 'Torreón', ' Coahuila', 'México', 10001),
	(27, 'thiago@mail.com', 'Thiago', 'Torres', 'Sanhueza', 'CONOCIDO', '85', 'Tlalnepantla de Baz', ' México', 'México', 10001),
	(28, 'antonio@mail.com', 'Antonio', 'Araya', 'Carvajal', 'VILLA DE GUADALUPE S/N', 'S/N', 'Acapulco de Juárez', ' Guerrero', 'México', 10001),
	(29, 'marc@mail.com', 'Marc', 'Flores', 'Navarrete', 'PLAZA JUAREZ NO.1', '25', 'Tlaquepaque', ' Jalisco', 'México', 10001),
	(30, 'carlos@mail.com', 'Carlos', 'Espinoza', 'Sáez', 'IGNACIO ALLENDE NO.20', '86', 'Guadalupe', ' Nuevo León', 'México', 10001),
	(31, 'angel@mail.com', 'Ángel', 'Valenzuela', 'Alvarado', 'PLAZA MORELOS NO.12', 'SN', 'Victoria de Durango', ' Durango', 'México', 10001),
	(33, 'oriel@mail.com', 'Oriel', 'Tapia', 'Poblete', 'CRISTOBAL COLON NO.44', '15', 'Apodaca', ' Nuevo León', 'México', 10001),
	(34, 'otto@mail.com', 'Otto', 'Reyes', 'Bustamante', 'CONOCIDO', '1', 'Ciudad López Mateos', ' México', 'México', 10001),
	(35, 'pavel@mail.com', 'Pavel', 'Gutiérrez', 'Toro', 'AV. 16 DE JULIO NO.8', 'SN', 'Cuautitlán Izcalli', ' México', 'México', 10001),
	(36, 'pax@mail.com', 'Pax', 'Castro', 'Ortega', '5 DE MAYO NO.1', 'MZ1', 'Heroica Matamoros', ' Tamaulipas', 'México', 10001),
	(37, 'piero@mail.com', 'Piero', 'Pizarro', 'Venegas', 'CENTRO', 'SN', 'General Escobedo', ' Nuevo León', 'México', 10001),
	(38, 'raziel@mail.com', 'Raziel', 'Álvarez', 'Guerrero', 'AV. JUAREZ NO. 2', '20', 'Irapuato', ' Guanajuato', 'México', 10001),
	(39, 'rune@mail.com', 'Rune', 'Vásquez', 'Mendoza', 'JOSE MARIA MORELOS S/N', '89', 'Xalapa', ' Veracruz', 'México', 10001),
	(40, 'sander@mail.com', 'Sander', 'Sánchez', 'Farías', 'AV. EMILIANO ZAPATA NO.1', 'SN', 'Tonalá', ' Jalisco', 'México', 10001),
	(41, 'sinhue@mail.com', 'Sinhué', 'Fernández', 'San Martín', 'EMILIANO ZAPATA S/N', '85', 'Mazatlán', ' Sinaloa', 'México', 10001),
	(42, 'tadeo@mail.com', 'Tadeo', 'Ramírez', 'Carrasco', 'PLAZA ADOLFO LOPEZ MATEOS', 'S/N', 'Nuevo Laredo', ' Tamaulipas', 'México', 10001),
	(43, 'teo@mail.com', 'Teo', 'Carrasco', 'Gómez', 'EJERCITO MEXICANO S/N', '25', 'San Nicolás de los Garza', ' Nuevo León', 'México', 10001),
	(44, 'tristan@mail.com', 'Tristán', 'Gómez', 'Cortés', 'DOM. CONOCIDO EL TABLON', '450', 'Veracruz', ' Veracruz', 'México', 10001);

INSERT INTO `facturas` (`idFactura`, `idCliente`, `idProducto`, `piezas`, `fechaVenta`) VALUES
	(1, 43, 33, 6, '2021-01-23 05:21:11'),
	(2, 30, 39, 35, '2021-01-24 05:37:57'),
	(3, 42, 35, 29, '2018-06-11 23:27:14'),
	(4, 7, 34, 42, '2021-04-13 20:24:51'),
	(5, 31, 1, 34, '2019-02-22 08:27:56'),
	(6, 29, 16, 34, '2019-06-03 12:22:16'),
	(7, 14, 9, 45, '2018-03-05 12:27:24'),
	(8, 14, 31, 17, '2021-09-27 01:54:11'),
	(9, 39, 29, 26, '2018-03-14 02:27:57'),
	(10, 12, 19, 41, '2019-07-02 13:25:35'),
	(11, 19, 36, 34, '2020-03-16 09:42:23'),
	(12, 41, 23, 12, '2020-03-04 13:44:02'),
	(13, 11, 1, 4, '2018-09-22 09:37:20'),
	(14, 12, 37, 24, '2021-09-02 04:26:01'),
	(15, 29, 15, 22, '2018-02-14 01:09:42'),
	(16, 35, 3, 12, '2020-01-01 18:05:27'),
	(17, 9, 33, 46, '2019-05-10 07:35:58'),
	(18, 42, 32, 33, '2019-07-08 06:02:01'),
	(19, 7, 16, 9, '2020-01-14 09:17:48'),
	(20, 17, 22, 36, '2018-07-07 12:14:53'),
	(21, 21, 4, 35, '2018-04-04 15:27:06'),
	(22, 41, 4, 34, '2021-04-20 23:41:08'),
	(23, 25, 27, 38, '2020-04-03 01:32:57'),
	(24, 43, 29, 23, '2018-06-25 17:39:50'),
	(25, 18, 32, 24, '2021-02-28 01:13:36'),
	(26, 6, 39, 37, '2019-04-20 04:32:30'),
	(27, 8, 2, 22, '2021-09-03 17:15:21'),
	(28, 21, 6, 8, '2018-02-24 05:55:45'),
	(29, 18, 30, 44, '2021-09-01 11:12:47'),
	(30, 17, 7, 13, '2021-01-02 21:38:59'),
	(31, 8, 7, 29, '2021-08-21 02:27:48'),
	(32, 38, 7, 20, '2020-04-04 02:05:06'),
	(33, 24, 2, 43, '2019-04-21 08:59:34'),
	(34, 7, 25, 6, '2018-01-16 22:08:17'),
	(35, 41, 15, 21, '2018-03-27 17:14:11'),
	(36, 6, 30, 16, '2020-02-12 20:30:29'),
	(37, 38, 37, 12, '2019-04-03 17:13:30'),
	(38, 35, 26, 27, '2020-09-16 12:42:07'),
	(39, 31, 44, 27, '2021-05-18 03:51:28'),
	(40, 20, 8, 30, '2021-10-17 12:26:15'),
	(41, 9, 21, 5, '2021-06-26 13:05:29'),
	(42, 4, 33, 3, '2020-04-26 17:32:45'),
	(43, 4, 31, 46, '2020-02-12 15:46:26'),
	(44, 27, 44, 36, '2018-05-11 19:29:32'),
	(45, 9, 32, 26, '2018-06-23 00:28:24'),
	(46, 19, 18, 36, '2020-04-15 14:28:20'),
	(47, 7, 2, 35, '2020-01-25 18:58:52'),
	(48, 5, 27, 17, '2020-12-13 22:57:30'),
	(49, 4, 32, 48, '2018-12-15 17:54:06'),
	(50, 43, 37, 25, '2021-05-04 17:12:20'),
	(51, 7, 42, 31, '2018-12-24 02:57:35'),
	(52, 34, 24, 35, '2018-11-21 15:45:30'),
	(53, 24, 16, 41, '2018-07-13 10:35:56'),
	(54, 14, 5, 15, '2020-08-05 05:24:33'),
	(55, 21, 5, 23, '2021-09-23 19:15:45'),
	(56, 7, 39, 14, '2018-08-21 01:20:12'),
	(57, 40, 42, 8, '2021-02-04 19:02:10'),
	(58, 35, 44, 27, '2021-12-07 07:48:59'),
	(59, 43, 25, 7, '2019-12-19 14:13:08'),
	(60, 5, 33, 4, '2018-01-14 17:21:34'),
	(61, 13, 11, 39, '2021-10-13 19:48:44'),
	(62, 25, 33, 44, '2018-04-06 06:59:42'),
	(63, 34, 2, 44, '2020-06-18 10:07:42'),
	(64, 18, 18, 39, '2018-03-17 02:56:43'),
	(65, 36, 22, 24, '2018-07-08 15:31:54'),
	(66, 26, 5, 22, '2019-12-16 07:37:17'),
	(67, 42, 16, 13, '2018-09-08 06:46:38'),
	(68, 38, 32, 20, '2018-09-12 15:23:33'),
	(69, 9, 8, 40, '2020-12-15 00:56:34'),
	(70, 11, 3, 7, '2020-09-28 13:11:43'),
	(71, 12, 28, 17, '2019-03-25 02:17:43'),
	(72, 35, 38, 12, '2018-09-21 10:25:01'),
	(73, 14, 30, 9, '2021-02-18 23:56:59'),
	(74, 5, 30, 29, '2020-06-14 05:33:15'),
	(75, 25, 4, 9, '2019-01-18 19:04:14'),
	(76, 11, 11, 41, '2020-12-17 05:06:19'),
	(77, 2, 32, 22, '2020-03-06 04:19:38'),
	(78, 36, 31, 23, '2018-05-12 03:02:58'),
	(79, 13, 6, 24, '2018-10-21 17:12:35'),
	(80, 31, 10, 19, '2018-01-15 07:43:22'),
	(81, 3, 8, 26, '2020-07-08 02:49:54'),
	(82, 36, 12, 35, '2020-12-06 04:22:09'),
	(83, 19, 31, 6, '2021-07-19 05:46:42'),
	(84, 25, 17, 10, '2019-08-09 12:07:50'),
	(85, 42, 9, 10, '2019-10-10 10:47:37'),
	(86, 38, 20, 4, '2018-06-15 23:45:43'),
	(87, 5, 19, 46, '2020-01-13 23:47:11'),
	(88, 28, 27, 2, '2018-03-06 09:18:39'),
	(89, 28, 18, 7, '2018-11-02 11:14:23'),
	(90, 21, 27, 32, '2019-09-03 09:33:48'),
	(91, 5, 5, 44, '2020-02-23 04:32:30'),
	(92, 33, 2, 36, '2021-02-04 12:30:53'),
	(93, 42, 40, 29, '2019-11-06 03:34:16'),
	(94, 43, 24, 43, '2021-04-01 03:10:33'),
	(95, 20, 39, 45, '2020-09-02 02:03:33'),
	(96, 41, 17, 46, '2021-08-21 09:21:59'),
	(97, 20, 32, 50, '2018-01-10 18:34:15'),
	(98, 43, 5, 39, '2020-10-08 11:42:53'),
	(99, 34, 44, 6, '2021-06-18 17:41:24'),
	(100, 19, 31, 25, '2020-10-06 10:54:34'),
	(101, 23, 23, 29, '2019-02-24 23:16:55'),
	(102, 15, 12, 24, '2018-03-14 20:42:20'),
	(103, 26, 24, 5, '2019-02-27 06:53:51'),
	(104, 34, 13, 5, '2021-09-14 07:07:50'),
	(105, 21, 43, 4, '2021-11-28 02:46:49'),
	(106, 21, 30, 48, '2021-08-23 14:11:31'),
	(107, 33, 39, 38, '2018-07-16 14:52:39'),
	(108, 23, 37, 14, '2020-05-19 19:22:21'),
	(109, 12, 6, 3, '2018-05-09 05:49:23'),
	(110, 7, 6, 22, '2021-07-15 14:52:52'),
	(111, 23, 29, 1, '2021-05-15 14:35:57'),
	(112, 31, 6, 49, '2019-12-18 22:12:05'),
	(113, 24, 9, 15, '2021-05-17 17:39:31'),
	(114, 17, 1, 31, '2021-09-15 08:13:43'),
	(115, 34, 38, 22, '2020-12-07 00:15:03'),
	(116, 10, 35, 1, '2019-02-11 02:08:11'),
	(117, 21, 22, 14, '2018-01-02 12:19:45'),
	(118, 24, 42, 42, '2021-10-25 22:48:04'),
	(119, 40, 13, 11, '2019-09-07 02:32:22'),
	(120, 12, 19, 16, '2020-11-21 20:02:56'),
	(121, 11, 3, 27, '2020-05-05 11:59:24'),
	(122, 37, 27, 22, '2019-11-15 18:13:04'),
	(123, 7, 40, 18, '2019-01-07 08:18:32'),
	(124, 37, 15, 16, '2021-01-14 16:14:05'),
	(125, 37, 23, 31, '2020-11-03 09:01:22'),
	(126, 25, 37, 31, '2020-05-04 03:41:43'),
	(127, 6, 40, 25, '2021-05-04 18:30:09'),
	(128, 25, 18, 30, '2018-06-13 10:10:33'),
	(129, 33, 15, 46, '2019-11-05 12:24:27'),
	(130, 9, 9, 9, '2021-01-14 00:56:01'),
	(131, 21, 34, 20, '2021-11-26 20:44:55'),
	(132, 2, 31, 32, '2018-12-08 20:07:44'),
	(133, 36, 40, 21, '2021-04-14 08:09:07'),
	(134, 40, 19, 42, '2021-08-19 17:51:28'),
	(135, 10, 9, 19, '2018-09-05 08:22:14'),
	(136, 37, 37, 37, '2018-10-17 18:06:38'),
	(137, 18, 25, 14, '2021-05-01 21:17:12'),
	(138, 30, 13, 17, '2021-08-13 00:38:26'),
	(139, 22, 2, 3, '2020-04-28 21:55:52'),
	(140, 23, 10, 50, '2021-02-10 18:39:53'),
	(141, 28, 23, 28, '2018-10-13 17:22:32'),
	(142, 16, 1, 28, '2020-03-23 23:48:30'),
	(143, 30, 18, 42, '2018-08-18 00:30:25'),
	(144, 22, 3, 43, '2021-09-15 03:35:43'),
	(145, 34, 12, 44, '2018-03-17 08:47:03'),
	(146, 16, 18, 31, '2021-08-28 00:22:01'),
	(147, 5, 4, 42, '2020-08-20 16:50:05'),
	(148, 4, 4, 44, '2020-05-18 15:59:08'),
	(149, 39, 10, 37, '2021-05-20 01:08:42'),
	(150, 6, 18, 35, '2019-02-10 03:55:08'),
	(151, 38, 27, 2, '2018-09-27 08:36:50'),
	(152, 20, 41, 11, '2019-10-14 09:19:28'),
	(153, 5, 21, 1, '2018-07-11 21:30:26'),
	(154, 22, 26, 28, '2021-01-07 10:06:18'),
	(155, 31, 35, 44, '2018-04-02 01:59:27'),
	(156, 14, 32, 18, '2018-03-12 05:09:25'),
	(157, 7, 17, 48, '2018-12-11 06:21:39'),
	(158, 32, 20, 37, '2020-02-17 11:05:15'),
	(159, 8, 7, 25, '2019-09-22 06:46:10'),
	(160, 8, 16, 4, '2019-08-13 20:51:02'),
	(161, 20, 25, 22, '2020-08-18 19:56:43'),
	(162, 22, 31, 17, '2018-09-25 22:49:39'),
	(163, 15, 18, 38, '2019-10-21 20:47:30'),
	(164, 35, 29, 1, '2020-06-17 06:06:18'),
	(165, 5, 37, 1, '2018-03-24 07:07:08'),
	(166, 4, 36, 38, '2019-09-04 20:13:55'),
	(167, 3, 29, 16, '2021-02-18 04:51:55'),
	(168, 11, 6, 24, '2020-11-20 00:21:26'),
	(169, 33, 20, 48, '2021-08-24 00:55:19'),
	(170, 19, 8, 5, '2018-03-23 17:40:51'),
	(171, 8, 10, 20, '2020-09-07 02:38:19'),
	(172, 3, 27, 3, '2020-06-16 12:13:27'),
	(173, 10, 5, 9, '2020-12-20 03:30:30'),
	(174, 29, 22, 25, '2021-08-06 04:35:35'),
	(175, 2, 42, 28, '2020-05-13 21:16:26'),
	(176, 8, 44, 47, '2020-08-24 02:36:02'),
	(177, 29, 44, 46, '2019-04-19 01:41:23'),
	(178, 14, 30, 44, '2021-09-12 08:52:52'),
	(179, 10, 31, 45, '2021-09-23 10:03:21'),
	(180, 43, 41, 7, '2021-06-17 22:46:48'),
	(181, 10, 44, 38, '2019-05-02 18:16:41'),
	(182, 9, 20, 26, '2018-01-12 16:45:04'),
	(183, 7, 42, 3, '2018-10-21 17:37:36'),
	(184, 22, 1, 45, '2019-07-26 07:21:55'),
	(185, 23, 44, 2, '2019-02-12 22:32:31'),
	(186, 4, 2, 35, '2020-11-16 11:31:13'),
	(187, 42, 39, 22, '2021-06-22 04:40:06'),
	(188, 36, 17, 42, '2021-08-12 23:59:57'),
	(189, 7, 37, 15, '2018-01-25 10:57:05'),
	(190, 44, 25, 30, '2020-04-21 21:08:25'),
	(191, 20, 28, 47, '2018-05-22 02:01:52'),
	(192, 30, 31, 4, '2019-10-18 05:36:08'),
	(193, 6, 27, 46, '2019-02-03 15:37:57'),
	(194, 20, 37, 2, '2020-08-15 09:02:51'),
	(195, 11, 40, 36, '2019-04-22 15:17:25'),
	(196, 33, 28, 21, '2018-07-20 12:34:55'),
	(197, 22, 38, 43, '2021-02-27 23:49:39'),
	(198, 14, 30, 35, '2021-05-01 19:23:30'),
	(199, 2, 27, 43, '2019-06-12 15:08:50'),
	(200, 19, 6, 16, '2020-02-16 05:22:13'),
	(201, 14, 27, 24, '2021-08-11 17:18:48'),
	(202, 16, 41, 46, '2020-03-28 13:22:23'),
	(203, 17, 29, 14, '2018-06-19 23:46:02'),
	(204, 3, 12, 23, '2018-12-23 08:18:17'),
	(205, 3, 27, 27, '2018-04-12 17:35:25'),
	(206, 30, 39, 31, '2018-07-08 17:11:01'),
	(207, 36, 36, 20, '2019-09-26 11:29:42'),
	(208, 36, 15, 5, '2018-11-16 14:03:58'),
	(209, 6, 36, 33, '2021-12-24 17:17:35'),
	(210, 39, 5, 37, '2018-01-07 20:10:10'),
	(211, 14, 1, 43, '2018-04-05 20:35:27'),
	(212, 16, 10, 41, '2020-12-18 19:48:26'),
	(213, 6, 19, 44, '2018-01-28 16:34:36'),
	(214, 42, 35, 45, '2021-07-22 22:24:33'),
	(215, 3, 42, 20, '2020-01-17 13:46:49'),
	(216, 30, 34, 48, '2021-03-16 21:55:54'),
	(217, 15, 9, 5, '2021-08-27 04:28:12'),
	(218, 25, 31, 20, '2018-10-08 23:24:43'),
	(219, 21, 44, 45, '2020-09-13 19:36:23'),
	(220, 2, 10, 19, '2019-05-20 03:30:43'),
	(221, 14, 40, 15, '2020-12-26 11:48:53'),
	(222, 16, 2, 25, '2018-01-16 19:12:23'),
	(223, 36, 16, 26, '2019-06-25 13:29:04'),
	(224, 13, 8, 10, '2018-04-19 00:09:22'),
	(225, 23, 39, 46, '2020-04-19 17:42:16'),
	(226, 4, 43, 18, '2019-09-02 14:10:08'),
	(227, 25, 10, 2, '2018-04-16 01:36:47'),
	(228, 40, 41, 46, '2018-09-05 22:07:38'),
	(229, 30, 27, 45, '2021-10-23 14:55:26'),
	(230, 13, 14, 25, '2021-03-21 19:04:29'),
	(231, 38, 23, 13, '2020-07-20 18:09:43'),
	(232, 20, 26, 9, '2020-11-20 09:59:34'),
	(233, 34, 18, 43, '2018-09-19 05:43:40'),
	(234, 15, 8, 3, '2019-02-07 17:59:16'),
	(235, 40, 43, 26, '2019-01-17 05:43:08'),
	(236, 25, 3, 42, '2021-06-13 22:58:06'),
	(237, 12, 27, 20, '2019-10-12 18:44:07'),
	(238, 19, 33, 8, '2018-05-14 05:20:02'),
	(239, 29, 17, 28, '2018-12-03 23:22:40'),
	(240, 28, 44, 34, '2021-01-08 17:27:06'),
	(241, 12, 5, 10, '2018-08-28 23:32:49'),
	(242, 9, 14, 2, '2019-09-26 06:11:47'),
	(243, 21, 3, 45, '2020-02-16 17:55:29'),
	(244, 39, 35, 36, '2019-09-03 00:46:14'),
	(245, 41, 35, 24, '2018-09-27 23:30:01'),
	(246, 2, 2, 37, '2019-05-15 02:22:52'),
	(247, 3, 41, 45, '2021-07-27 23:58:53'),
	(248, 43, 18, 46, '2021-10-17 07:08:03'),
	(249, 32, 12, 8, '2020-11-18 02:52:48'),
	(250, 34, 30, 37, '2021-10-26 10:14:53'),
	(251, 24, 37, 7, '2020-03-18 10:35:53'),
	(252, 11, 18, 7, '2019-04-11 19:54:50'),
	(253, 27, 38, 20, '2020-07-24 09:47:55'),
	(254, 7, 1, 21, '2018-08-07 04:46:49'),
	(255, 5, 6, 2, '2020-12-18 05:21:14'),
	(256, 40, 33, 25, '2020-11-15 23:30:01'),
	(257, 11, 14, 11, '2019-03-13 22:38:06'),
	(258, 42, 44, 11, '2019-06-04 23:05:45'),
	(259, 24, 19, 9, '2021-10-26 08:27:53'),
	(260, 3, 9, 32, '2020-06-09 19:42:52'),
	(261, 29, 44, 46, '2018-05-28 08:45:52'),
	(262, 31, 25, 39, '2019-08-16 04:01:52'),
	(263, 20, 21, 27, '2018-10-11 12:36:41'),
	(264, 30, 20, 46, '2019-04-04 16:22:16'),
	(265, 25, 25, 8, '2021-03-06 20:32:28'),
	(266, 3, 1, 32, '2020-02-18 18:07:14'),
	(267, 9, 23, 42, '2019-06-28 19:27:48'),
	(268, 11, 15, 12, '2018-02-28 19:30:13'),
	(269, 9, 33, 18, '2018-07-02 10:19:56'),
	(270, 31, 3, 21, '2020-01-21 21:43:08'),
	(271, 13, 18, 3, '2021-12-10 04:21:55'),
	(272, 12, 22, 34, '2018-04-25 18:54:13'),
	(273, 28, 32, 16, '2020-10-14 17:02:14'),
	(274, 21, 43, 2, '2020-02-07 06:05:16'),
	(275, 19, 30, 43, '2019-06-17 14:31:28'),
	(276, 12, 22, 28, '2020-12-21 10:52:47'),
	(277, 6, 7, 32, '2018-02-08 20:32:11'),
	(278, 31, 29, 3, '2018-09-11 11:53:52'),
	(279, 31, 42, 34, '2020-05-20 16:42:49'),
	(280, 35, 2, 15, '2019-11-09 03:48:41'),
	(281, 16, 17, 23, '2018-12-10 21:34:29'),
	(282, 42, 12, 45, '2018-06-10 04:06:07'),
	(283, 27, 19, 35, '2020-05-16 03:49:35'),
	(284, 38, 22, 6, '2020-11-21 20:18:48'),
	(285, 6, 41, 49, '2018-09-05 03:44:25'),
	(286, 10, 5, 22, '2018-07-20 02:14:10'),
	(287, 38, 19, 16, '2021-02-10 07:49:27'),
	(288, 38, 14, 4, '2020-01-13 20:09:10'),
	(289, 11, 13, 4, '2019-10-12 09:46:40'),
	(290, 40, 24, 33, '2020-06-11 05:26:27'),
	(291, 39, 27, 28, '2018-08-23 03:09:54'),
	(292, 12, 25, 50, '2019-01-23 16:12:46'),
	(293, 19, 16, 17, '2021-07-09 21:50:08'),
	(294, 12, 12, 35, '2021-07-23 00:13:44'),
	(295, 30, 14, 41, '2018-12-22 09:42:33'),
	(296, 4, 17, 19, '2018-10-16 09:43:26'),
	(297, 2, 39, 37, '2020-08-08 03:24:14'),
	(298, 35, 40, 9, '2019-06-17 21:17:47'),
	(299, 34, 25, 41, '2020-01-24 05:12:45'),
	(300, 43, 7, 34, '2020-06-14 02:16:02');

INSERT INTO `productos` (`idProducto`, `codigo`, `nombre`, `descripcion`, `precio`, `impuesto`) VALUES
	(1, 'PDR001', 'Producto1', 'Ut dictum augue sit amet diam rhoncus, eget varius nisi cursus. Integer vehicula eleifend augue, a dictum elit maximus eget. Donec vel placerat erat, a.', 778, 1.1),
	(2, 'PDR002', 'Producto2', 'Ut dictum augue sit amet diam rhoncus, eget varius nisi cursus. Integer vehicula eleifend augue, a dictum elit maximus eget. Donec vel placerat erat, a.', 992, 1.1),
	(3, 'PDR003', 'Producto3', 'Ut dictum augue sit amet diam rhoncus, eget varius nisi cursus. Integer vehicula eleifend augue, a dictum elit maximus eget. Donec vel placerat erat, a.', 450, 1.1),
	(4, 'PDR004', 'Producto4', 'Ut dictum augue sit amet diam rhoncus, eget varius nisi cursus. Integer vehicula eleifend augue, a dictum elit maximus eget. Donec vel placerat erat, a.', 823, 1.1),
	(5, 'PDR005', 'Producto5', 'Ut dictum augue sit amet diam rhoncus, eget varius nisi cursus. Integer vehicula eleifend augue, a dictum elit maximus eget. Donec vel placerat erat, a.', 664, 1.1),
	(6, 'PDR006', 'Producto6', 'Ut dictum augue sit amet diam rhoncus, eget varius nisi cursus. Integer vehicula eleifend augue, a dictum elit maximus eget. Donec vel placerat erat, a.', 127, 1.1),
	(7, 'PDR007', 'Producto7', 'Ut dictum augue sit amet diam rhoncus, eget varius nisi cursus. Integer vehicula eleifend augue, a dictum elit maximus eget. Donec vel placerat erat, a.', 889, 1.1),
	(8, 'PDR008', 'Producto8', 'Ut dictum augue sit amet diam rhoncus, eget varius nisi cursus. Integer vehicula eleifend augue, a dictum elit maximus eget. Donec vel placerat erat, a.', 914, 1.1),
	(9, 'PDR009', 'Producto9', 'Ut dictum augue sit amet diam rhoncus, eget varius nisi cursus. Integer vehicula eleifend augue, a dictum elit maximus eget. Donec vel placerat erat, a.', 832, 1.1),
	(10, 'PDR010', 'Producto10', 'Ut dictum augue sit amet diam rhoncus, eget varius nisi cursus. Integer vehicula eleifend augue, a dictum elit maximus eget. Donec vel placerat erat, a.', 897, 1.1),
	(11, 'PDR011', 'Producto11', 'Ut dictum augue sit amet diam rhoncus, eget varius nisi cursus. Integer vehicula eleifend augue, a dictum elit maximus eget. Donec vel placerat erat, a.', 231, 1.1),
	(12, 'PDR012', 'Producto12', 'Ut dictum augue sit amet diam rhoncus, eget varius nisi cursus. Integer vehicula eleifend augue, a dictum elit maximus eget. Donec vel placerat erat, a.', 533, 1.1),
	(13, 'PDR013', 'Producto13', 'Ut dictum augue sit amet diam rhoncus, eget varius nisi cursus. Integer vehicula eleifend augue, a dictum elit maximus eget. Donec vel placerat erat, a.', 171, 1.1),
	(14, 'PDR014', 'Producto14', 'Ut dictum augue sit amet diam rhoncus, eget varius nisi cursus. Integer vehicula eleifend augue, a dictum elit maximus eget. Donec vel placerat erat, a.', 612, 1.1),
	(15, 'PDR015', 'Producto15', 'Ut dictum augue sit amet diam rhoncus, eget varius nisi cursus. Integer vehicula eleifend augue, a dictum elit maximus eget. Donec vel placerat erat, a.', 518, 1.1),
	(16, 'PDR016', 'Producto16', 'Ut dictum augue sit amet diam rhoncus, eget varius nisi cursus. Integer vehicula eleifend augue, a dictum elit maximus eget. Donec vel placerat erat, a.', 333, 1.1),
	(17, 'PDR017', 'Producto17', 'Ut dictum augue sit amet diam rhoncus, eget varius nisi cursus. Integer vehicula eleifend augue, a dictum elit maximus eget. Donec vel placerat erat, a.', 754, 1.1),
	(18, 'PDR018', 'Producto18', 'Ut dictum augue sit amet diam rhoncus, eget varius nisi cursus. Integer vehicula eleifend augue, a dictum elit maximus eget. Donec vel placerat erat, a.', 775, 1.1),
	(19, 'PDR019', 'Producto19', 'Ut dictum augue sit amet diam rhoncus, eget varius nisi cursus. Integer vehicula eleifend augue, a dictum elit maximus eget. Donec vel placerat erat, a.', 187, 1.1),
	(20, 'PDR020', 'Producto20', 'Ut dictum augue sit amet diam rhoncus, eget varius nisi cursus. Integer vehicula eleifend augue, a dictum elit maximus eget. Donec vel placerat erat, a.', 935, 1.1),
	(21, 'PDR021', 'Producto21', 'Ut dictum augue sit amet diam rhoncus, eget varius nisi cursus. Integer vehicula eleifend augue, a dictum elit maximus eget. Donec vel placerat erat, a.', 907, 1.1),
	(22, 'PDR022', 'Producto22', 'Ut dictum augue sit amet diam rhoncus, eget varius nisi cursus. Integer vehicula eleifend augue, a dictum elit maximus eget. Donec vel placerat erat, a.', 444, 1.1),
	(23, 'PDR023', 'Producto23', 'Ut dictum augue sit amet diam rhoncus, eget varius nisi cursus. Integer vehicula eleifend augue, a dictum elit maximus eget. Donec vel placerat erat, a.', 401, 1.1),
	(24, 'PDR024', 'Producto24', 'Ut dictum augue sit amet diam rhoncus, eget varius nisi cursus. Integer vehicula eleifend augue, a dictum elit maximus eget. Donec vel placerat erat, a.', 431, 1.1),
	(25, 'PDR025', 'Producto25', 'Ut dictum augue sit amet diam rhoncus, eget varius nisi cursus. Integer vehicula eleifend augue, a dictum elit maximus eget. Donec vel placerat erat, a.', 352, 1.1),
	(26, 'PDR026', 'Producto26', 'Ut dictum augue sit amet diam rhoncus, eget varius nisi cursus. Integer vehicula eleifend augue, a dictum elit maximus eget. Donec vel placerat erat, a.', 285, 1.1),
	(27, 'PDR027', 'Producto27', 'Ut dictum augue sit amet diam rhoncus, eget varius nisi cursus. Integer vehicula eleifend augue, a dictum elit maximus eget. Donec vel placerat erat, a.', 420, 1.1),
	(28, 'PDR028', 'Producto28', 'Ut dictum augue sit amet diam rhoncus, eget varius nisi cursus. Integer vehicula eleifend augue, a dictum elit maximus eget. Donec vel placerat erat, a.', 341, 1.1),
	(29, 'PDR029', 'Producto29', 'Ut dictum augue sit amet diam rhoncus, eget varius nisi cursus. Integer vehicula eleifend augue, a dictum elit maximus eget. Donec vel placerat erat, a.', 792, 1.1),
	(30, 'PDR030', 'Producto30', 'Ut dictum augue sit amet diam rhoncus, eget varius nisi cursus. Integer vehicula eleifend augue, a dictum elit maximus eget. Donec vel placerat erat, a.', 945, 1.1),
	(31, 'PDR031', 'Producto31', 'Ut dictum augue sit amet diam rhoncus, eget varius nisi cursus. Integer vehicula eleifend augue, a dictum elit maximus eget. Donec vel placerat erat, a.', 656, 1.1),
	(32, 'PDR032', 'Producto32', 'Ut dictum augue sit amet diam rhoncus, eget varius nisi cursus. Integer vehicula eleifend augue, a dictum elit maximus eget. Donec vel placerat erat, a.', 648, 1.1),
	(33, 'PDR033', 'Producto33', 'Ut dictum augue sit amet diam rhoncus, eget varius nisi cursus. Integer vehicula eleifend augue, a dictum elit maximus eget. Donec vel placerat erat, a.', 251, 1.1),
	(34, 'PDR034', 'Producto34', 'Ut dictum augue sit amet diam rhoncus, eget varius nisi cursus. Integer vehicula eleifend augue, a dictum elit maximus eget. Donec vel placerat erat, a.', 257, 1.1),
	(35, 'PDR035', 'Producto35', 'Ut dictum augue sit amet diam rhoncus, eget varius nisi cursus. Integer vehicula eleifend augue, a dictum elit maximus eget. Donec vel placerat erat, a.', 971, 1.1),
	(36, 'PDR036', 'Producto36', 'Ut dictum augue sit amet diam rhoncus, eget varius nisi cursus. Integer vehicula eleifend augue, a dictum elit maximus eget. Donec vel placerat erat, a.', 531, 1.1),
	(37, 'PDR037', 'Producto37', 'Ut dictum augue sit amet diam rhoncus, eget varius nisi cursus. Integer vehicula eleifend augue, a dictum elit maximus eget. Donec vel placerat erat, a.', 430, 1.1),
	(38, 'PDR038', 'Producto38', 'Ut dictum augue sit amet diam rhoncus, eget varius nisi cursus. Integer vehicula eleifend augue, a dictum elit maximus eget. Donec vel placerat erat, a.', 975, 1.1),
	(39, 'PDR039', 'Producto39', 'Ut dictum augue sit amet diam rhoncus, eget varius nisi cursus. Integer vehicula eleifend augue, a dictum elit maximus eget. Donec vel placerat erat, a.', 418, 1.1),
	(40, 'PDR040', 'Producto40', 'Ut dictum augue sit amet diam rhoncus, eget varius nisi cursus. Integer vehicula eleifend augue, a dictum elit maximus eget. Donec vel placerat erat, a.', 830, 1.1),
	(41, 'PDR041', 'Producto41', 'Ut dictum augue sit amet diam rhoncus, eget varius nisi cursus. Integer vehicula eleifend augue, a dictum elit maximus eget. Donec vel placerat erat, a.', 387, 1.1),
	(42, 'PDR042', 'Producto42', 'Ut dictum augue sit amet diam rhoncus, eget varius nisi cursus. Integer vehicula eleifend augue, a dictum elit maximus eget. Donec vel placerat erat, a.', 943, 1.1),
	(43, 'PDR043', 'Producto43', 'Ut dictum augue sit amet diam rhoncus, eget varius nisi cursus. Integer vehicula eleifend augue, a dictum elit maximus eget. Donec vel placerat erat, a.', 775, 1.1),
	(44, 'PDR044', 'Producto44', 'Ut dictum augue sit amet diam rhoncus, eget varius nisi cursus. Integer vehicula eleifend augue, a dictum elit maximus eget. Donec vel placerat erat, a.', 506, 1.1);
